순위,종목코드,종목명,현재가,전일대비,,등락률,거래량,거래비중,시가총액,시가총액비,체결강도
1,'005930,삼성전자,"83,900",▼,"-300","-0.36%","22,306,947","7.88","496,657,622","15.22%",77.37
2,'000660,SK하이닉스,"348,000",▼,"-1,000","-0.29%","3,138,059","4.61","253,344,823","7.76%",98.44
3,'373220,LG에너지솔루션,"348,000",▼,"-3,500","-1.00%","182,471","0.26","81,432,000","2.49%",67.14
4,'207940,삼성바이오로직스,"998,000",▼,"-5,000","-0.50%","97,894","0.41","71,031,652","2.17%",71.03
5,'012450,한화에어로스페이스,"1,107,000",▲,"48,000","+4.53%","395,892","1.82","57,080,685","1.75%",160.47
6,'005935,삼성전자우,"66,400",▼,"-100","-0.15%","3,021,296","0.84","54,180,718","1.66%",83.33
7,'329180,HD현대중공업,"514,000",▲,"22,500","+4.58%","337,681","0.71","45,629,382","1.39%",212.60
8,'005380,현대차,"215,000", ,"0","0%","463,011","0.41","44,022,920","1.34%",113.68
9,'105560,KB금융,"115,300",▼,"-400","-0.35%","1,008,661","0.48","43,982,580","1.34%",95.03
10,'035420,NAVER,"267,000",▼,"-7,500","-2.73%","5,550,742","6.33","41,879,654","1.28%",73.79
11,'068270,셀트리온,"173,300",▼,"-5,300","-2.97%","882,301","0.64","40,021,755","1.22%",62.75
12,'034020,두산에너빌리티,"62,200",▼,"-700","-1.11%","6,832,542","1.79","39,842,903","1.22%",72.91
13,'000270,기아,"100,900",▲,"200","+0.20%","953,351","0.40","39,733,337","1.21%",72.48
14,'055550,신한지주,"70,700",▼,"-200","-0.28%","1,672,846","0.49","34,324,492","1.05%",130.77
15,'042660,한화오션,"110,300",▲,"3,300","+3.08%","2,483,979","1.14","33,797,397","1.03%",166.19
16,'028260,삼성물산,"184,200",▼,"-3,800","-2.02%","429,086","0.33","31,309,679","0.96%",75.75
17,'032830,삼성생명,"155,500",▲,"200","+0.13%","338,729","0.22","31,100,000","0.95%",91.77
18,'009540,HD한국조선해양,"410,500",▲,"10,500","+2.63%","280,766","0.48","29,052,364","0.89%",152.14
19,'012330,현대모비스,"298,500",▲,"2,500","+0.84%","181,957","0.22","27,400,836","0.84%",118.92
20,'402340,SK스퀘어,"201,000",▲,"3,900","+1.98%","452,784","0.38","26,640,712","0.81%",165.46
21,'035720,카카오,"59,600",▼,"-700","-1.16%","4,072,022","1.03","26,359,620","0.80%",64.41
22,'196170,알테오젠,"455,500",▼,"-10,500","-2.25%","367,348","0.71","24,371,886","0.74%",70.31
23,'086790,하나금융지주,"87,500",▼,"-1,300","-1.46%","886,169","0.32","24,353,509","0.74%",89.62
24,'064350,현대로템,"219,500",▲,"4,000","+1.86%","1,217,446","1.13","23,956,733","0.73%",151.11
25,'015760,한국전력,"36,050",▼,"-850","-2.30%","1,782,599","0.27","23,142,805","0.70%",54.52
26,'005490,POSCO홀딩스,"276,500",▼,"-2,000","-0.72%","191,126","0.22","22,377,961","0.68%",70.60
27,'267260,HD현대일렉트릭,"581,000",▲,"3,000","+0.52%","152,760","0.37","20,943,385","0.64%",116.50
28,'000810,삼성화재,"452,500",▼,"-8,500","-1.84%","80,853","0.15","20,820,048","0.63%",109.92
29,'011200,HMM,"20,050",▼,"-550","-2.67%","3,496,722","0.29","20,552,042","0.63%",60.49
30,'138040,메리츠금융지주,"113,400",▼,"-2,100","-1.82%","214,391","0.10","19,870,149","0.60%",90.75
31,'051910,LG화학,"278,500",▼,"-1,500","-0.54%","195,352","0.22","19,659,968","0.60%",71.39
32,'316140,우리금융지주,"26,050",▼,"-550","-2.07%","2,367,544","0.25","19,344,509","0.59%",73.00
33,'010140,삼성중공업,"21,950",▲,"600","+2.81%","8,128,047","0.74","19,316,000","0.59%",182.32
34,'010130,고려아연,"924,000",▲,"7,000","+0.76%","19,725","0.07","17,873,175","0.54%",132.20
35,'096770,SK이노베이션,"100,300",▼,"-1,300","-1.28%","306,016","0.12","16,955,995","0.51%",75.78
36,'006400,삼성SDI,"205,000",▼,"-1,000","-0.49%","422,625","0.36","16,520,034","0.50%",89.41
37,'033780,KT&G,"134,000",▼,"-2,200","-1.62%","514,207","0.28","16,356,375","0.50%",80.33
38,'024110,기업은행,"19,510",▲,"10","+0.05%","1,025,739","0.08","15,557,779","0.47%",128.86
39,'034730,SK,"210,500",▲,"2,000","+0.96%","176,781","0.15","15,261,819","0.46%",114.48
40,'009150,삼성전기,"193,900",▼,"-3,700","-1.87%","443,311","0.36","14,483,108","0.44%",81.87
41,'259960,크래프톤,"292,500",▼,"-5,500","-1.85%","181,207","0.22","13,862,595","0.42%",92.54
42,'003670,포스코퓨처엠,"144,900",▼,"-200","-0.14%","498,929","0.30","12,888,307","0.39%",81.09
43,'030200,KT,"50,600",▲,"100","+0.20%","239,033","0.05","12,752,297","0.39%",127.58
44,'018260,삼성에스디에스,"164,300",▼,"-2,300","-1.38%","152,235","0.10","12,713,173","0.38%",106.69
45,'298040,효성중공업,"1,342,000",▲,"5,000","+0.37%","46,205","0.26","12,513,543","0.38%",106.58
46,'086280,현대글로비스,"165,300",▼,"-2,800","-1.67%","285,817","0.19","12,397,500","0.38%",98.23
47,'066570,LG전자,"75,700",▼,"-1,000","-1.30%","1,067,562","0.33","12,330,499","0.37%",64.49
48,'267250,HD현대,"155,000",▲,"1,300","+0.85%","185,638","0.12","12,243,928","0.37%",122.37
49,'006800,미래에셋증권,"21,350",▼,"-650","-2.95%","3,575,917","0.32","12,176,255","0.37%",64.81
50,'017670,SK텔레콤,"54,400",▼,"-100","-0.18%","943,426","0.21","11,684,579","0.35%",60.58
51,'003230,삼양식품,"1,529,000",▲,"30,000","+2.00%","57,072","0.36","11,517,980","0.35%",158.58
52,'323410,카카오뱅크,"23,800",▼,"-150","-0.63%","651,775","0.06","11,352,372","0.34%",90.87
53,'079550,LIG넥스원,"513,000",▲,"6,000","+1.18%","216,440","0.47","11,286,000","0.34%",136.85
54,'272210,한화시스템,"59,500",▲,"200","+0.34%","1,685,590","0.42","11,240,704","0.34%",90.56
55,'003550,LG,"72,100",▼,"-400","-0.55%","337,104","0.10","11,119,376","0.34%",69.23
56,'352820,하이브,"266,500",▼,"-3,500","-1.30%","293,951","0.32","11,100,284","0.34%",87.32
57,'247540,에코프로비엠,"112,900",▼,"-2,500","-2.17%","458,053","0.21","11,041,772","0.33%",40.41
58,'047810,한국항공우주,"108,000",▼,"-800","-0.74%","1,249,154","0.57","10,527,312","0.32%",79.54
